id,avatar_url,gravatar_id,login,url
24305026,https://avatars.githubusercontent.com/u/24305026?,"",350org,https://api.github.com/orgs/350org
,,,,
106303238,https://avatars.githubusercontent.com/u/106303238?,"",morpho-dao,https://api.github.com/orgs/morpho-dao
,,,,
,,,,
,,,,
66193563,https://avatars.githubusercontent.com/u/66193563?,"",dendronhq,https://api.github.com/orgs/dendronhq
,,,,
,,,,
,,,,
,,,,
,,,,
93807059,https://avatars.githubusercontent.com/u/93807059?,"",Sooktoring,https://api.github.com/orgs/Sooktoring
,,,,
25355022,https://avatars.githubusercontent.com/u/25355022?,"",livepeer,https://api.github.com/orgs/livepeer
,,,,
,,,,
,,,,
56742327,https://avatars.githubusercontent.com/u/56742327?,"",product-os,https://api.github.com/orgs/product-os
,,,,
,,,,
,,,,
,,,,
108262640,https://avatars.githubusercontent.com/u/108262640?,"",web-application-app,https://api.github.com/orgs/web-application-app
,,,,
,,,,
,,,,
,,,,
,,,,
60207193,https://avatars.githubusercontent.com/u/60207193?,"",stolostron,https://api.github.com/orgs/stolostron
